,station,ratio
0,MLOD,0.507659296312
1,NPOC,0.410778147718
2,PAUD,0.693531604711
3,DEVL,0.181150913148
4,HLPD,0.295449676466
5,STCD,1.13659593486
