,station,ratio
0,JCUZ,0.841947838238
1,MLOD,-1.12474399389
2,NPOC,-0.749406607549
3,PAUD,-0.559437930596
4,DEVL,-0.42648456676
5,HLPD,-1.72436588588
6,STCD,-0.954072191072
