,station,ratio
0,JCUZ,0.0833888422273
1,JOKA,-0.409134548951
2,MLOD,-0.760026394693
3,NPOC,-0.276464900189
4,PAUD,-0.706098709421
5,HLPD,-0.778814975615
6,HSSD,-0.743903264912
7,STCD,-0.16876294013
