,station,ratio
0,JCUZ,0.343190458832
1,NPOC,-1.31268310357
2,PAUD,-1.17398204671
3,DEVL,-1.35518482454
4,HLPD,-2.53038370616
5,STCD,-1.18778071247
